{"cameraMode":{"drawMode":0,"name":"Shaded","section":"Shading Mode"},"sceneLighting":false,"audioPlay":false,"sceneViewState":{"m_AlwaysRefresh":false,"showFog":true,"showSkybox":false,"showFlares":true,"showImageEffects":true,"showParticleSystems":true,"showVisualEffectGraphs":true,"m_FxEnabled":true},"in2DMode":false,"pivot":{"x":3.622623920440674,"y":5.352720260620117,"z":-11.639322280883789},"rotation":{"x":0.022519245743751527,"y":-0.9513922333717346,"z":0.07177973538637161,"w":0.29875683784484866},"size":5.943061828613281,"orthographic":false}