{"cameraMode":{"drawMode":0,"name":"Shaded","section":"Shading Mode"},"sceneLighting":false,"audioPlay":false,"sceneViewState":{"m_AlwaysRefresh":false,"showFog":true,"showSkybox":false,"showFlares":true,"showImageEffects":true,"showParticleSystems":true,"showVisualEffectGraphs":true,"m_FxEnabled":true},"in2DMode":false,"pivot":{"x":94.63970947265625,"y":169.76800537109376,"z":21.217376708984376},"rotation":{"x":-0.009897799231112004,"y":0.023632436990737916,"z":-0.0002175966219510883,"w":-0.9997055530548096},"size":403.5158386230469,"orthographic":false}