{"cameraMode":{"drawMode":0,"name":"Shaded","section":"Shading Mode"},"sceneLighting":false,"audioPlay":false,"sceneViewState":{"m_AlwaysRefresh":false,"showFog":true,"showSkybox":false,"showFlares":true,"showImageEffects":true,"showParticleSystems":true,"showVisualEffectGraphs":true,"m_FxEnabled":true},"in2DMode":false,"pivot":{"x":2.1905784606933595,"y":2.2987284660339357,"z":-14.589282989501954},"rotation":{"x":0.0038654108066111805,"y":-0.6981038451194763,"z":0.003768162103369832,"w":0.7160217761993408},"size":1.8406875133514405,"orthographic":false}