{"cameraMode":{"drawMode":0,"name":"Shaded","section":"Shading Mode"},"sceneLighting":false,"audioPlay":false,"sceneViewState":{"m_AlwaysRefresh":false,"showFog":true,"showSkybox":false,"showFlares":true,"showImageEffects":true,"showParticleSystems":true,"showVisualEffectGraphs":true,"m_FxEnabled":true},"in2DMode":false,"pivot":{"x":2.5338473320007326,"y":2.0325236320495607,"z":-16.860214233398439},"rotation":{"x":0.03988412022590637,"y":-0.015215905383229256,"z":0.0006085319328121841,"w":0.9991211295127869},"size":1.6462724208831788,"orthographic":false}