{"cameraMode":{"drawMode":0,"name":"Shaded","section":"Shading Mode"},"sceneLighting":false,"audioPlay":false,"sceneViewState":{"m_AlwaysRefresh":false,"showFog":true,"showSkybox":false,"showFlares":true,"showImageEffects":true,"showParticleSystems":true,"showVisualEffectGraphs":true,"m_FxEnabled":true},"in2DMode":false,"pivot":{"x":47.37329864501953,"y":-0.21916770935058595,"z":-30.103961944580079},"rotation":{"x":-0.10549744218587876,"y":0.8923486471176148,"z":-0.2757421135902405,"w":-0.34140992164611819},"size":55.825748443603519,"orthographic":false}