{"cameraMode":{"drawMode":0,"name":"Shaded","section":"Shading Mode"},"sceneLighting":false,"audioPlay":false,"sceneViewState":{"m_AlwaysRefresh":false,"showFog":true,"showSkybox":false,"showFlares":true,"showImageEffects":true,"showParticleSystems":true,"showVisualEffectGraphs":true,"m_FxEnabled":true},"in2DMode":false,"pivot":{"x":-0.7735306024551392,"y":1.4721486568450928,"z":-18.309354782104493},"rotation":{"x":0.09225666522979737,"y":-0.01665516383945942,"z":0.0015624954830855132,"w":0.9956279397010803},"size":0.9701164364814758,"orthographic":false}